date,year,score,RH_persist_7d,Rain_sum_7d,month
2006-06-22,2006,0.9459425,3.434,22.64,6
2006-07-23,2006,0.939463,4.231333333333332,14.36,7
2016-06-05,2016,0.9222,1.344666666666666,18.109999999999975,6
2016-06-04,2016,0.9137346,1.7,13.73999999999998,6
2011-05-30,2011,0.91312927,2.425333333333332,7.759999999999986,5
2006-07-24,2006,0.91010916,4.362666666666665,15.65,7
2016-06-06,2016,0.9086157,0.9479999999999992,26.79999999999998,6
2024-07-21,2024,0.9031975,5.548666666666667,69.68999999999994,7
2007-09-21,2007,0.8987939,3.863333333333333,15.329999999999997,9
2015-06-05,2015,0.8967625,1.862666666666668,14.669999999999982,6
2014-09-22,2014,0.89411306,3.3406666666666665,4.239999999999979,9
2024-06-02,2024,0.8925135,3.2520000000000007,10.009999999999948,6
2015-06-04,2015,0.88821256,2.1980000000000013,8.029999999999982,6
2016-06-07,2016,0.88704985,0.9579999999999986,33.84999999999998,6
2024-08-18,2024,0.88545233,3.7873333333333328,12.319999999999949,8
2016-06-22,2016,0.8846585,2.3020000000000014,74.05999999999997,6
2007-05-26,2007,0.8842885,2.5726666666666667,10.12,5
2014-09-20,2014,0.8827929,2.9493333333333336,3.199999999999979,9
2024-06-03,2024,0.8815513,3.248666666666668,12.049999999999947,6
2006-10-04,2006,0.88018274,2.6946666666666674,6.100000000000001,10
2024-06-05,2024,0.87861836,3.2473333333333336,20.05999999999995,6
2014-09-21,2014,0.8762959,3.167333333333333,3.779999999999979,9
2011-07-29,2011,0.87623423,5.668666666666669,41.44999999999998,7
2024-06-22,2024,0.8747212,2.482000000000001,47.699999999999946,6
2019-07-04,2019,0.87181926,4.536,51.25999999999997,7
2024-06-04,2024,0.86749774,3.266,13.539999999999948,6
2018-06-03,2018,0.8663323,3.132666666666666,30.239999999999988,6
2018-06-02,2018,0.8661067,3.1619999999999986,25.139999999999983,6
2006-07-22,2006,0.8653103,4.067999999999999,9.34,7
2024-08-19,2024,0.86314523,4.100666666666667,29.529999999999944,8
2011-08-19,2011,0.86258304,4.5746666666666655,13.819999999999986,8
2024-08-20,2024,0.86045414,4.622000000000001,46.11999999999995,8
2011-07-27,2011,0.8590709,5.527333333333334,31.319999999999983,7
2009-09-24,2009,0.85855645,3.0179999999999985,26.219999999999995,9
2018-07-02,2018,0.8583283,3.690666666666667,32.41999999999999,7
2016-08-05,2016,0.85689306,4.607333333333333,28.599999999999977,8
2011-08-20,2011,0.8565778,4.904,16.709999999999987,8
2016-06-03,2016,0.8554838,1.9313333333333345,11.78999999999998,6
2007-09-22,2007,0.85296875,3.827333333333333,19.209999999999997,9
2016-06-19,2016,0.8502673,2.2186666666666683,20.63999999999998,6
2023-06-16,2023,0.85017276,2.8440000000000003,36.13999999999995,6
2017-09-13,2017,0.84892875,3.69,25.48999999999998,9
2012-06-07,2012,0.84725803,2.6486666666666667,23.299999999999983,6
2009-08-12,2009,0.8471334,4.443999999999999,0.6099999999999929,8
2012-05-01,2012,0.8469597,3.4059999999999984,2.649999999999982,5
2006-07-25,2006,0.846459,4.307999999999999,15.98,7
2023-06-15,2023,0.84643185,2.309333333333333,36.63999999999996,6
2024-06-23,2024,0.8431111,3.0040000000000004,55.74999999999996,6
2014-07-09,2014,0.8424746,2.910666666666668,18.489999999999977,7
2018-06-01,2018,0.83988667,3.1733333333333325,21.94999999999999,6
2009-08-21,2009,0.8397517,4.760666666666666,37.10999999999999,8
2023-06-14,2023,0.8396971,2.059999999999999,35.509999999999955,6
2016-08-04,2016,0.83909035,4.340666666666667,30.719999999999978,8
2006-09-06,2006,0.8388563,3.943333333333333,5.04,9
2007-09-23,2007,0.8379641,3.955999999999999,24.66,9
2023-08-28,2023,0.8369482,3.550666666666666,3.4899999999999505,8
2012-06-08,2012,0.8359678,2.9339999999999997,23.16999999999998,6
2011-07-28,2011,0.8357817,5.6320000000000014,35.73999999999999,7
2023-08-30,2023,0.83561736,3.1146666666666665,3.81999999999995,8
2016-07-23,2016,0.8345858,3.298,39.68999999999998,7
2017-06-12,2017,0.83370906,3.5039999999999987,98.7,6
2016-07-24,2016,0.83275485,3.425333333333333,47.55999999999997,7
2012-06-05,2012,0.83238846,2.635333333333333,19.35999999999998,6
2014-07-10,2014,0.83166796,3.091333333333335,44.939999999999976,7
2011-07-15,2011,0.8315333,3.874,37.27999999999999,7
2007-06-23,2007,0.8309444,4.888666666666667,114.54,6
2006-09-15,2006,0.83048743,4.390000000000001,47.45,9
2016-06-09,2016,0.8303938,1.9019999999999984,48.81999999999998,6
2010-06-02,2010,0.828151,2.862,10.449999999999992,6
2016-08-03,2016,0.8272175,4.11,32.03999999999998,8
2017-06-11,2017,0.8271725,3.3059999999999983,72.26999999999998,6
2024-08-21,2024,0.8251721,5.000666666666667,58.419999999999945,8
2011-07-30,2011,0.8241195,5.802666666666668,48.329999999999984,7
2017-09-12,2017,0.820407,3.123333333333333,17.439999999999984,9
2017-08-09,2017,0.8196374,3.889333333333334,4.389999999999982,8
2009-06-20,2009,0.8191548,1.0166666666666666,40.28999999999999,6
2016-07-20,2016,0.8186881,3.4793333333333334,32.05999999999998,7
2018-09-22,2018,0.81739205,2.9779999999999998,5.9299999999999855,9
2017-06-09,2017,0.81710666,2.6359999999999992,35.09999999999998,6
2012-06-30,2012,0.8157176,3.526666666666666,48.88999999999999,6
2010-06-01,2010,0.81464237,3.046666666666667,8.639999999999993,6
2011-08-21,2011,0.81345993,5.141333333333332,18.679999999999986,8
2017-09-14,2017,0.8131727,3.990666666666666,30.879999999999985,9
2024-09-14,2024,0.8114872,3.985333333333333,9.269999999999952,9
2018-06-07,2018,0.8111179,3.776,51.71,6
2009-07-06,2009,0.80996966,4.367333333333334,116.04,7
2024-06-08,2024,0.8088412,3.5766666666666658,41.199999999999946,6
2008-08-27,2008,0.8088094,2.960666666666665,3.329999999999993,8
2017-10-07,2017,0.8080781,4.058000000000001,28.98999999999998,10
2018-06-04,2018,0.808046,3.219999999999999,33.829999999999984,6
2006-09-05,2006,0.8071527,3.972,4.76,9
2006-10-07,2006,0.80666906,3.315333333333333,8.070000000000002,10
2014-06-14,2014,0.8064517,3.2253333333333343,25.27999999999998,6
2024-06-25,2024,0.8058272,3.4633333333333334,110.64999999999996,6
2024-06-06,2024,0.8052516,3.052666666666667,33.28999999999995,6
2009-07-29,2009,0.8047495,5.243333333333332,6.3099999999999925,7
2017-08-08,2017,0.80360633,3.861333333333334,2.9999999999999822,8
2015-10-12,2015,0.803267,4.352666666666668,52.05999999999997,10
2009-09-23,2009,0.80250037,2.304666666666665,18.049999999999997,9
2011-08-18,2011,0.8024909,4.129333333333333,9.149999999999986,8
2024-09-13,2024,0.80203706,4.071333333333333,9.80999999999995,9
2023-07-07,2023,0.8018394,5.285333333333334,72.19999999999995,7
2007-09-24,2007,0.8003957,4.214666666666666,30.7,9
2012-06-09,2012,0.79836124,2.9553333333333325,23.98999999999998,6
2010-06-12,2010,0.79707026,3.011333333333334,96.1,6
2007-09-27,2007,0.7959899,4.412000000000001,43.06,9
2007-08-19,2007,0.7935199,2.903333333333333,5.719999999999998,8
2018-05-31,2018,0.7931818,3.0233333333333325,22.159999999999982,5
2009-06-21,2009,0.7930405,1.650666666666667,59.42,6
2017-08-15,2017,0.7928661,3.5706666666666678,10.819999999999984,8
2014-07-11,2014,0.7927359,3.212000000000002,65.71999999999998,7
2006-10-06,2006,0.7923864,3.041333333333333,7.7200000000000015,10
2023-06-28,2023,0.79233295,5.231999999999999,74.95999999999995,6
2012-06-10,2012,0.7918906,2.8593333333333324,27.679999999999986,6
2019-08-04,2019,0.79169416,3.775333333333333,33.49999999999997,8
2016-06-23,2016,0.78907716,2.7260000000000013,81.97999999999998,6
2017-08-14,2017,0.78806186,3.468,6.6599999999999815,8
2023-09-01,2023,0.7874557,2.582,2.31999999999995,9
2018-10-05,2018,0.7873099,2.6140000000000008,15.929999999999986,10
2016-06-08,2016,0.7864362,1.3353333333333317,38.619999999999976,6
2011-08-22,2011,0.7863159,5.338666666666667,20.829999999999988,8
2006-10-03,2006,0.78525007,2.1766666666666667,5.330000000000002,10
2006-09-04,2006,0.78452694,3.812,3.59,9
2016-07-22,2016,0.78428054,3.2093333333333334,31.29999999999998,7
2011-05-29,2011,0.7840383,2.4899999999999984,5.539999999999986,5
2012-05-02,2012,0.78253984,3.311333333333333,1.959999999999982,5
2009-09-03,2009,0.7798222,4.374666666666665,14.719999999999992,9
2017-06-08,2017,0.77977127,2.846666666666667,29.83999999999998,6
2017-06-07,2017,0.7787754,2.9513333333333343,27.559999999999977,6
2017-10-08,2017,0.77869684,4.3646666666666665,33.46999999999998,10
2012-06-14,2012,0.7780522,3.4739999999999998,42.91999999999998,6
2017-06-10,2017,0.7771116,2.8373333333333326,48.329999999999984,6
2018-06-08,2018,0.7767578,3.9753333333333343,63.77999999999999,6
2015-08-22,2015,0.7737716,3.779333333333334,2.889999999999979,8
2024-08-22,2024,0.773274,5.330666666666667,73.98999999999995,8
2017-08-12,2017,0.77298385,3.6373333333333338,6.6999999999999815,8
2018-06-09,2018,0.7725373,3.948000000000001,84.16,6
2007-08-05,2007,0.77083004,4.936000000000001,46.34,8
2015-06-03,2015,0.77046764,2.365333333333334,6.309999999999981,6
2015-07-10,2015,0.76807296,3.638000000000001,2.0799999999999788,7
2017-08-16,2017,0.7680326,3.679333333333333,10.499999999999982,8
2023-08-29,2023,0.76743555,3.355999999999999,3.78999999999995,8
2024-10-11,2024,0.76691127,3.429333333333333,82.85999999999996,10
2018-07-01,2018,0.7663158,3.6786666666666665,22.72999999999999,7
2015-08-20,2015,0.7649117,3.897333333333334,2.3799999999999786,8
2016-07-21,2016,0.76437175,3.282666666666666,30.79999999999998,7
2014-06-15,2014,0.76426435,3.421333333333334,29.389999999999976,6
2015-07-25,2015,0.7635812,4.090666666666669,10.05999999999998,7
2024-06-07,2024,0.7619216,3.242,34.87999999999995,6
2010-07-19,2010,0.7606225,3.7399999999999993,73.75999999999999,7
2012-06-17,2012,0.76037085,4.188666666666665,60.28999999999998,6
2023-06-17,2023,0.76023984,3.661333333333334,26.77999999999996,6
2023-07-26,2023,0.75898534,5.663999999999999,37.17999999999995,7
2015-08-19,2015,0.75850224,3.828,2.439999999999978,8
2006-06-21,2006,0.7580578,3.051333333333334,16.91,6
2016-06-10,2016,0.75687474,2.291333333333332,56.30999999999998,6
2012-07-26,2012,0.7562624,3.687333333333333,10.819999999999984,7
2012-06-06,2012,0.75528437,2.559333333333333,22.46999999999998,6
2017-10-12,2017,0.7543951,4.482,33.23999999999998,10
2017-07-04,2017,0.75412583,3.651333333333333,17.79999999999998,7
2009-09-04,2009,0.75390804,4.5026666666666655,24.729999999999997,9
2016-07-31,2016,0.7532186,4.164666666666665,40.37999999999998,7
2019-08-15,2019,0.75320727,5.175999999999999,10.509999999999971,8
2018-06-05,2018,0.7524975,3.3233333333333333,35.48999999999999,6
2016-10-09,2016,0.7508935,3.506,12.82999999999998,10
2017-06-06,2017,0.7507756,3.334666666666668,24.33999999999998,6
2014-07-07,2014,0.74897015,2.4086666666666674,10.439999999999978,7
2017-08-10,2017,0.7488839,3.7846666666666655,6.3699999999999815,8
2012-06-29,2012,0.74784,3.319999999999999,29.519999999999985,6
2018-07-25,2018,0.74762845,4.205333333333336,17.759999999999984,7
2023-07-27,2023,0.7468752,5.410666666666666,32.939999999999955,7
2007-09-26,2007,0.7468463,4.132,37.59,9
2016-07-19,2016,0.7467666,3.696,28.689999999999976,7
2010-08-27,2010,0.74647355,4.372000000000001,48.99999999999999,8
2012-06-11,2012,0.7464507,2.713333333333333,30.90999999999998,6
2017-10-11,2017,0.745999,4.552000000000001,33.59999999999998,10
2024-09-26,2024,0.74464655,3.5973333333333337,16.19999999999995,9
2021-06-13,2021,0.7429244,2.3420000000000005,52.84999999999996,6
2019-07-22,2019,0.74113154,4.4300000000000015,72.97999999999996,7
2011-05-28,2011,0.739805,2.764666666666665,4.019999999999985,5
2023-06-27,2023,0.7395416,5.069333333333333,32.32999999999996,6
2015-08-18,2015,0.7387242,3.770666666666667,2.469999999999979,8
2012-06-13,2012,0.7382926,3.228666666666665,36.90999999999998,6
2010-04-13,2010,0.7379961,1.628,11.619999999999992,4
2008-06-10,2008,0.7378406,2.8486666666666656,113.35,6
2023-07-22,2023,0.73772985,4.874666666666666,28.09999999999995,7
2018-06-06,2018,0.7373785,3.372666666666668,39.28999999999999,6
2008-09-06,2008,0.737027,5.072666666666666,29.319999999999997,9
2015-10-11,2015,0.73694783,4.117999999999999,30.879999999999978,10
2014-08-24,2014,0.7365305,4.732,23.61999999999998,8
2009-06-06,2009,0.7338724,2.673333333333334,19.759999999999994,6
2017-10-13,2017,0.7337857,4.304000000000001,30.98999999999998,10
2024-09-27,2024,0.7335045,3.926,18.14999999999995,9
2018-09-21,2018,0.73320144,3.223333333333333,5.539999999999986,9
2023-09-06,2023,0.7331577,3.032,2.7199999999999505,9
2012-06-16,2012,0.73168224,3.8566666666666665,51.74999999999999,6
2019-10-20,2019,0.7307105,2.6333333333333333,37.89999999999997,10
2012-07-25,2012,0.7305558,3.4606666666666674,11.189999999999982,7
2023-07-23,2023,0.7294919,5.167999999999999,34.22999999999995,7
2012-06-18,2012,0.7285744,4.3726666666666665,66.57999999999998,6
2007-08-04,2007,0.72804934,4.885333333333334,51.53,8
2018-07-18,2018,0.7271086,4.181333333333334,31.979999999999983,7
2014-09-03,2014,0.7267671,6.049333333333334,54.689999999999976,9
2010-08-28,2010,0.7267607,4.406000000000001,46.17999999999999,8
2018-07-21,2018,0.7264279,4.356000000000002,32.65999999999998,7
2015-07-09,2015,0.72564936,3.529333333333334,2.0999999999999788,7
2012-06-15,2012,0.72511375,3.6279999999999992,46.56999999999998,6
2007-08-06,2007,0.7246769,4.878666666666668,42.35,8
2016-08-02,2016,0.7234833,4.058,33.95999999999998,8
2011-07-24,2011,0.72298294,5.051333333333333,33.829999999999984,7
2014-08-23,2014,0.7227744,4.660666666666667,17.109999999999978,8
2017-08-13,2017,0.72264266,3.449333333333333,6.509999999999982,8
2022-06-10,2022,0.72179,2.8986666666666663,94.34999999999997,6
2009-06-19,2009,0.71769464,0.6633333333333333,19.029999999999998,6
2023-06-24,2023,0.7174904,5.2653333333333325,15.01999999999996,6
2023-06-29,2023,0.71641207,5.413333333333332,85.86999999999996,6
2008-08-10,2008,0.7162772,3.793333333333333,20.48999999999999,8
2024-09-25,2024,0.71472204,3.2140000000000004,14.10999999999995,9
2014-07-08,2014,0.7144567,2.5380000000000007,14.459999999999978,7
2018-07-03,2018,0.7137626,3.685333333333334,32.89999999999999,7
2008-08-11,2008,0.7130034,4.109333333333335,24.289999999999992,8
2024-06-09,2024,0.7119817,3.5679999999999983,41.339999999999954,6
2007-08-29,2007,0.71134293,5.975333333333332,41.52,8
2012-06-12,2012,0.7098986,2.7626666666666657,31.249999999999982,6
2007-09-07,2007,0.70910805,4.655333333333333,43.69,9
2015-08-21,2015,0.70892704,3.938666666666668,2.689999999999978,8
2023-08-10,2023,0.7080275,3.96,1.8699999999999504,8
2024-09-15,2024,0.7074952,3.8273333333333337,7.4899999999999505,9
2012-07-01,2012,0.7074473,3.612,74.30999999999999,7
2017-07-19,2017,0.7072268,3.1540000000000004,42.96999999999999,7
2014-08-04,2014,0.70602655,4.687333333333333,19.649999999999977,8
2011-08-17,2011,0.70592237,3.976,6.329999999999986,8
2009-06-22,2009,0.7042992,1.872,71.87,6
2008-06-11,2008,0.703888,2.9966666666666657,111.39,6
2023-06-23,2023,0.70352757,5.342666666666666,10.09999999999996,6
2006-09-16,2006,0.70325094,4.8260000000000005,52.9,9
2016-07-27,2016,0.7028523,4.0713333333333335,45.019999999999975,7
2011-09-01,2011,0.7022552,4.876666666666669,32.86999999999998,9
2017-10-09,2017,0.70185,4.568,31.109999999999975,10
2014-06-16,2014,0.70138556,3.658,32.35999999999998,6
2006-10-05,2006,0.70134294,2.866,5.870000000000002,10
2008-09-18,2008,0.70103955,3.961333333333333,40.08999999999999,9
2008-07-02,2008,0.70064926,3.773333333333333,12.59999999999999,7
2010-06-03,2010,0.7004509,2.2186666666666666,10.899999999999991,6
2011-07-31,2011,0.6993408,5.734666666666668,55.37999999999998,7
2018-07-11,2018,0.69901615,3.1613333333333338,45.61999999999999,7
2024-09-12,2024,0.6977838,4.036666666666665,9.74999999999995,9
2008-09-05,2008,0.6968566,4.878666666666665,26.819999999999997,9
2023-09-05,2023,0.6966854,2.801333333333334,2.37999999999995,9
2016-09-17,2016,0.6962514,3.584666666666667,17.06999999999998,9
2008-08-09,2008,0.6939353,3.642666666666668,12.909999999999991,8
2017-09-15,2017,0.6937845,4.31,35.84999999999998,9
2018-07-16,2018,0.6935595,3.948,47.39999999999999,7
2014-06-13,2014,0.69344693,2.841333333333334,20.78999999999997,6
2014-08-06,2014,0.6921072,4.830666666666666,19.469999999999978,8
2011-08-23,2011,0.69208497,5.383333333333334,20.649999999999984,8
2009-10-04,2009,0.69058275,3.116666666666667,24.909999999999997,10
2007-08-07,2007,0.68967766,4.820666666666666,42.53999999999999,8
2018-07-22,2018,0.6896308,4.343333333333336,30.219999999999985,7
2016-10-10,2016,0.6896202,3.4180000000000006,16.47999999999998,10
2022-06-11,2022,0.6895971,2.904666666666667,99.06999999999996,6
2014-08-25,2014,0.6881171,4.646000000000001,35.64999999999998,8
2014-09-02,2014,0.6874084,5.656000000000001,65.32999999999998,9
2019-08-14,2019,0.68609613,5.3006666666666655,10.089999999999971,8
2008-08-12,2008,0.6854334,4.235333333333333,25.22999999999999,8
2009-06-07,2009,0.684691,2.6913333333333336,21.23999999999999,6
2015-10-13,2015,0.68445057,4.422666666666667,51.589999999999975,10
2011-08-01,2011,0.6839738,5.717333333333334,61.65999999999998,8
2023-07-28,2023,0.6839593,5.345333333333334,30.43999999999995,7
2019-07-21,2019,0.6837256,4.472000000000001,62.37999999999997,7
2008-07-04,2008,0.68333435,3.5606666666666653,13.479999999999992,7
2018-07-20,2018,0.68316233,4.326000000000001,27.399999999999988,7
2009-08-22,2009,0.68271035,4.816666666666666,45.42999999999999,8
2007-09-09,2007,0.6825699,4.572666666666667,27.189999999999998,9
2016-07-26,2016,0.6822226,3.793333333333333,41.19999999999997,7
2023-07-25,2023,0.6821476,5.461333333333332,35.75999999999995,7
2008-08-26,2008,0.68177575,2.8679999999999986,2.739999999999993,8
2014-08-05,2014,0.68149614,4.7766666666666655,19.76999999999998,8
2010-07-18,2010,0.6809262,3.5859999999999994,69.28999999999999,7
2018-07-17,2018,0.678627,4.106666666666667,43.68999999999999,7
2007-08-03,2007,0.67772245,4.720666666666668,58.06,8
2021-06-14,2021,0.677392,2.7686666666666677,69.22999999999996,6
2015-06-14,2015,0.6768987,3.442000000000001,109.88999999999996,6
2018-07-15,2018,0.6760538,3.7080000000000006,47.60999999999999,7
2007-06-17,2007,0.6759304,3.856666666666666,114.65,6
2017-08-21,2017,0.6753838,4.420000000000001,15.489999999999984,8
2017-07-20,2017,0.67508125,3.4613333333333336,49.899999999999984,7
2016-06-11,2016,0.6750286,2.6206666666666663,56.74999999999998,6
2009-09-05,2009,0.67441064,4.472666666666667,25.96999999999999,9
2015-07-26,2015,0.6726187,4.154000000000003,9.31999999999998,7
2009-10-03,2009,0.6711927,3.119333333333333,22.929999999999996,10
2015-06-16,2015,0.66800654,4.308666666666667,113.39999999999998,6
2023-07-08,2023,0.667495,5.33,71.08999999999995,7
2011-09-02,2011,0.6668831,5.262666666666668,33.51999999999999,9
2006-07-01,2006,0.6650354,3.818000000000001,92.96,7
2019-09-04,2019,0.66482174,5.064666666666666,54.62999999999997,9
2017-08-11,2017,0.66401094,3.792,6.879999999999982,8
2023-06-25,2023,0.6634195,4.989333333333333,17.049999999999958,6
2016-09-27,2016,0.6613274,3.798000000000001,17.04999999999998,9
2015-06-18,2015,0.6609671,4.607333333333333,145.76999999999998,6
2011-09-11,2011,0.66083354,5.425333333333334,11.069999999999986,9
2023-08-31,2023,0.65994954,2.9033333333333333,2.75999999999995,8
2007-09-28,2007,0.6571378,4.342666666666668,40.98,9
2014-08-03,2014,0.65393096,4.428,18.29999999999998,8
2015-10-10,2015,0.65341467,3.856,25.039999999999974,10
2007-08-28,2007,0.65150076,5.641999999999999,34.07,8
2016-07-01,2016,0.64920294,4.087999999999999,84.77999999999997,7
2018-07-24,2018,0.64890105,4.256000000000001,21.619999999999987,7
2019-10-22,2019,0.6486968,3.306666666666666,58.65999999999997,10
2016-07-02,2016,0.64857113,4.182,86.31999999999998,7
2023-06-26,2023,0.6473149,4.922666666666666,20.45999999999996,6
2008-06-01,2008,0.6458758,1.6166666666666665,8.529999999999998,6
2019-07-23,2019,0.644107,4.4013333333333335,75.55999999999997,7
2018-07-12,2018,0.64358085,3.3800000000000003,52.54999999999999,7
2016-06-12,2016,0.64320123,3.002,56.77999999999998,6
2014-08-26,2014,0.6431355,4.585333333333334,45.94999999999998,8
2019-08-13,2019,0.6415574,5.417333333333333,10.189999999999973,8
2024-09-11,2024,0.6413824,4.031999999999998,8.939999999999952,9
2009-09-06,2009,0.640621,4.593333333333334,26.77,9
2007-09-20,2007,0.6397247,3.556666666666667,9.129999999999995,9
2011-08-31,2011,0.63824135,4.544666666666668,31.589999999999986,8
2011-10-29,2011,0.6365146,0.6866666666666665,21.389999999999983,10
2024-07-20,2024,0.636511,5.345333333333333,62.35999999999994,7
2019-10-21,2019,0.63577825,2.9879999999999995,43.77999999999997,10
2024-08-23,2024,0.63492215,5.568666666666666,81.51999999999995,8
2010-07-17,2010,0.63460934,3.1979999999999995,55.63999999999999,7
2016-08-06,2016,0.63383025,4.634,23.99999999999998,8
2014-10-02,2014,0.63337064,3.746,20.23999999999998,10
2024-10-12,2024,0.6330907,3.810666666666666,120.98999999999997,10
2017-10-10,2017,0.6325525,4.530000000000001,32.91999999999998,10
2020-06-04,2020,0.6320957,3.024666666666667,56.55999999999997,6
2019-10-23,2019,0.6309934,3.626,122.13999999999996,10
2012-04-27,2012,0.6305094,3.3193333333333337,2.639999999999982,4
2010-09-28,2010,0.63041675,3.152000000000001,34.86999999999999,9
2024-08-09,2024,0.62831104,4.4913333333333325,4.4699999999999465,8
2016-09-18,2016,0.6274471,3.660666666666668,23.609999999999975,9
2024-06-21,2024,0.62612766,2.1693333333333333,16.969999999999946,6
2009-06-23,2009,0.62572646,2.196666666666666,80.36999999999999,6
2017-09-18,2017,0.6251825,4.938666666666667,91.11,9
2018-07-07,2018,0.62476665,3.1006666666666662,34.04999999999999,7
2010-07-21,2010,0.6247186,3.8733333333333326,97.73,7
2008-09-17,2008,0.62414396,3.8386666666666662,49.21,9
2007-09-02,2007,0.6222958,5.434,54.52,9
2014-07-12,2014,0.622261,3.295333333333335,69.35999999999999,7
2016-10-04,2016,0.6217472,2.8706666666666663,3.459999999999978,10
2016-05-31,2016,0.6213419,3.240666666666668,8.029999999999978,5
2024-08-17,2024,0.6210503,3.482666666666666,5.889999999999946,8
2014-08-02,2014,0.6204186,4.179333333333333,16.899999999999977,8
2008-08-02,2008,0.6202456,3.979333333333332,22.349999999999994,8
2007-07-28,2007,0.6192363,4.9,45.95,7
2016-08-01,2016,0.61899894,4.117333333333333,36.24999999999998,8
2017-06-13,2017,0.6184712,3.5726666666666653,102.23999999999998,6
2010-07-27,2010,0.6170323,3.568,66.29999999999998,7
2009-06-05,2009,0.6162517,2.5220000000000007,14.479999999999992,6
2009-06-24,2009,0.6156446,2.6126666666666654,89.94999999999999,6
2007-08-30,2007,0.61551386,5.936,45.54,8
2010-07-20,2010,0.6133586,3.892,80.65999999999998,7
2024-10-10,2024,0.61285573,3.05,18.169999999999952,10
2008-09-16,2008,0.6124525,3.777333333333334,51.50999999999999,9
2017-10-16,2017,0.61201006,3.855333333333334,28.92999999999998,10
2007-08-08,2007,0.6115843,4.7,37.14,8
2023-07-06,2023,0.6105027,5.357333333333334,64.69999999999996,7
2011-07-01,2011,0.60938025,3.7480000000000007,10.309999999999986,7
2007-07-27,2007,0.6088287,4.863333333333333,38.04,7
2007-05-25,2007,0.6082495,2.734,7.710000000000002,5
2008-09-09,2008,0.6074063,5.627999999999997,35.56999999999999,9
2015-07-24,2015,0.60600793,3.890666666666669,8.84999999999998,7
2018-06-14,2018,0.60573536,3.323333333333333,41.71,6
2014-10-01,2014,0.60573274,3.332,19.059999999999977,10
2024-09-30,2024,0.6056891,4.289333333333333,18.209999999999948,9
2007-09-03,2007,0.60504514,5.228666666666667,60.01,9
2017-10-06,2017,0.6049143,3.5140000000000007,19.98999999999998,10
2016-09-21,2016,0.60448503,4.126,24.65999999999998,9
2018-07-19,2018,0.60399336,4.246666666666667,26.259999999999987,7
2008-08-08,2008,0.6010611,3.663333333333333,8.379999999999992,8
2018-06-30,2018,0.60080767,3.6046666666666662,26.26999999999999,6
2018-07-23,2018,0.600661,4.301333333333336,24.289999999999985,7
2006-07-21,2006,0.59891206,3.853999999999999,5.08,7
2017-08-29,2017,0.5984805,4.443333333333332,28.05999999999998,8
2008-09-07,2008,0.5980291,5.219999999999999,28.949999999999992,9
2014-09-04,2014,0.59749156,6.085333333333334,47.399999999999984,9
2015-07-27,2015,0.59652567,4.176000000000002,9.99999999999998,7
2018-07-13,2018,0.59464616,3.57,51.88999999999999,7
2019-10-24,2019,0.5934342,4.289333333333333,183.24,10
2010-06-13,2010,0.5920354,3.2420000000000004,108.87,6
2009-06-27,2009,0.5918461,3.673999999999999,74.47999999999999,6
2007-08-31,2007,0.5916539,5.797333333333333,46.86,8
2011-10-14,2011,0.59119654,2.172000000000001,23.629999999999985,10
2008-08-03,2008,0.591172,3.965333333333332,20.249999999999996,8
2015-06-20,2015,0.5908154,4.5360000000000005,141.11,6
2007-09-06,2007,0.5893835,4.618666666666666,47.39999999999999,9
2022-06-09,2022,0.5887871,2.9633333333333334,60.61999999999996,6
2019-07-20,2019,0.588051,4.254000000000001,47.01999999999997,7
2010-08-29,2010,0.5877299,4.196000000000001,43.06999999999999,8
2012-07-27,2012,0.58718985,3.770666666666667,10.689999999999982,7
2009-06-25,2009,0.5871574,3.039333333333333,94.35,6
2024-08-16,2024,0.5856889,3.35,3.1899999999999467,8
2017-06-05,2017,0.58307093,3.564000000000002,23.55999999999998,6
2014-07-25,2014,0.5807037,3.769333333333333,21.88999999999998,7
2024-10-09,2024,0.5795053,2.648,13.539999999999951,10
2012-06-19,2012,0.5791265,4.358666666666666,66.44999999999999,6
2008-08-01,2008,0.5791178,3.784,23.889999999999997,8
2019-08-12,2019,0.5782283,5.526,11.409999999999972,8
2012-09-08,2012,0.5776018,5.37,21.029999999999983,9
2012-07-24,2012,0.5774165,3.2153333333333336,11.159999999999982,7
2008-08-13,2008,0.5761061,4.252666666666666,24.72999999999999,8
2023-09-07,2023,0.575778,3.4193333333333333,3.39999999999995,9
2024-06-12,2024,0.57557845,3.4973333333333314,49.669999999999945,6
2007-07-29,2007,0.5744239,4.832666666666666,50.52,7
2024-06-10,2024,0.57378006,3.655999999999998,43.22999999999995,6
2015-06-17,2015,0.5730319,4.596666666666668,119.78999999999998,6
2014-08-29,2014,0.57183015,4.795333333333335,73.68999999999997,8
2008-07-24,2008,0.57118595,3.624,15.529999999999994,7
2016-09-20,2016,0.5692951,3.992000000000001,25.08999999999998,9
2023-06-18,2023,0.5676573,4.4606666666666674,20.01999999999996,6
2015-09-15,2015,0.56762016,3.7966666666666673,45.01999999999998,9
2010-08-26,2010,0.5665861,4.224666666666668,34.66999999999999,8
2008-09-10,2008,0.566292,5.697999999999999,39.26999999999999,9
2006-09-20,2006,0.5635031,5.444666666666667,44.29,9
2015-10-07,2015,0.5627308,3.464,29.27999999999998,10
2006-08-08,2006,0.5617284,5.015999999999999,16.24,8
2007-06-19,2007,0.56074226,4.164666666666666,109.23,6
2023-07-29,2023,0.5605423,5.014,23.169999999999952,7
2014-08-30,2014,0.5594102,4.988666666666668,76.35999999999999,8
2012-06-21,2012,0.55886585,4.033333333333332,53.64999999999998,6
2012-08-31,2012,0.5588135,4.604000000000001,38.15999999999998,8
2014-09-23,2014,0.557376,3.384666666666667,4.189999999999979,9
2016-09-23,2016,0.55736697,3.906666666666668,26.359999999999975,9
2023-09-04,2023,0.5573019,2.5820000000000003,2.1099999999999506,9
2010-08-21,2010,0.5570557,4.077999999999999,46.509999999999984,8
2007-08-02,2007,0.55453616,4.608666666666667,52.02,8
2011-08-30,2011,0.55408084,4.112666666666668,29.409999999999982,8
2015-06-15,2015,0.5536653,3.8953333333333338,107.81999999999998,6
2008-10-13,2008,0.5530891,2.7093333333333334,10.089999999999993,10
2008-07-23,2008,0.55188525,3.638666666666666,12.399999999999991,7
2010-09-15,2010,0.55066526,4.028666666666667,12.149999999999986,9
2014-08-01,2014,0.54996204,4.178666666666667,15.179999999999978,8
2008-09-15,2008,0.54875743,3.960666666666667,57.19999999999999,9
2009-09-27,2009,0.54655755,3.672666666666665,29.889999999999997,9
2024-09-28,2024,0.545639,3.989333333333333,18.13999999999995,9
2009-11-16,2009,0.54560965,1.6140000000000003,62.96,11
2023-09-02,2023,0.54536253,2.6526666666666667,2.38999999999995,9
2007-09-01,2007,0.54503495,5.664666666666666,52.24999999999999,9
2016-07-25,2016,0.54498804,3.5546666666666664,45.42999999999998,7
2008-09-08,2008,0.5440985,5.230666666666665,26.129999999999992,9
2023-07-24,2023,0.5437664,5.359333333333332,32.12999999999995,7
2008-07-25,2008,0.54355097,3.649333333333333,23.039999999999992,7
2014-10-03,2014,0.54233944,4.026,19.52999999999998,10
2016-09-19,2016,0.54165256,3.681333333333335,25.099999999999977,9
2019-09-05,2019,0.541006,5.083999999999998,56.32999999999997,9
2016-06-24,2016,0.54085165,2.9560000000000004,93.06999999999998,6
2006-05-28,2006,0.540332,3.5493333333333323,34.43,5
2009-09-02,2009,0.5387846,4.163333333333332,8.649999999999993,9
2018-07-08,2018,0.53844965,2.985333333333333,32.06999999999999,7
2010-08-22,2010,0.53822315,4.232666666666666,43.87999999999999,8
2007-06-20,2007,0.5374715,4.482,113.69,6
2018-07-14,2018,0.5373387,3.5773333333333333,47.01999999999999,7
2009-06-16,2009,0.5370664,0.3486666666666667,8.009999999999994,6
2021-06-12,2021,0.53646237,1.856666666666667,35.82999999999996,6
2023-06-19,2023,0.5352545,5.110666666666667,14.479999999999956,6
2008-09-11,2008,0.53521556,5.539333333333332,45.60999999999999,9
2008-08-14,2008,0.53490937,4.3,24.539999999999992,8
2009-09-25,2009,0.5348524,3.617333333333333,29.82,9
2014-09-01,2014,0.5346737,5.430666666666666,70.16999999999997,9
2008-07-03,2008,0.53464955,3.685999999999999,12.839999999999993,7
2020-06-05,2020,0.5342681,3.402,56.909999999999975,6
2008-07-22,2008,0.53421104,3.714666666666666,11.769999999999992,7
2023-06-13,2023,0.5341381,1.6779999999999988,28.81999999999996,6
2009-10-05,2009,0.53350765,3.101333333333334,25.069999999999997,10
2024-05-28,2024,0.53206533,4.380666666666668,7.349999999999948,5
2008-09-19,2008,0.5315054,4.158666666666666,36.71,9
2009-05-23,2009,0.5310128,4.186,6.989999999999994,5
2023-08-27,2023,0.53095794,3.503999999999999,2.6599999999999504,8
2023-06-30,2023,0.5307543,5.54,88.83999999999995,6
2023-09-03,2023,0.5306828,2.65,2.44999999999995,9
2018-05-30,2018,0.5304304,2.8299999999999987,20.08999999999999,5
2012-09-01,2012,0.53015727,4.710000000000001,53.90999999999998,9
2011-09-17,2011,0.5299731,4.610666666666667,10.349999999999987,9
2018-06-10,2018,0.52977824,3.798000000000001,77.96,6
2008-07-27,2008,0.528396,3.765999999999999,25.54999999999999,7
2017-08-17,2017,0.52816147,3.7153333333333336,8.439999999999982,8
2017-08-30,2017,0.5275126,4.424666666666665,28.41999999999998,8
2023-08-26,2023,0.5274685,3.755999999999999,2.6399999999999504,8
2007-06-22,2007,0.52612156,4.872,93.43,6
2014-07-05,2014,0.52544594,2.3020000000000014,5.039999999999977,7
2014-07-14,2014,0.52503216,3.6300000000000017,73.40999999999998,7
2016-06-01,2016,0.5246483,2.694666666666668,10.48999999999998,6
2014-07-13,2014,0.52211505,3.4466666666666685,71.48999999999998,7
2023-08-07,2023,0.5217527,4.123333333333334,1.7899999999999503,8
2018-10-03,2018,0.52065194,2.453333333333334,9.169999999999986,10
2019-08-05,2019,0.51958686,4.086666666666667,38.45999999999997,8
2006-09-19,2006,0.5191914,5.421333333333333,49.150000000000006,9
2011-10-28,2011,0.51859814,0.3020000000000001,15.799999999999986,10
2007-07-30,2007,0.51812804,4.750666666666668,51.31,7
2006-09-17,2006,0.51799333,5.128000000000001,54.7,9
2011-09-12,2011,0.5179585,5.278,10.129999999999988,9
2011-07-02,2011,0.51769865,3.81,12.949999999999983,7
2008-07-31,2008,0.51697284,3.6359999999999992,32.209999999999994,7
2014-06-17,2014,0.51691955,3.6546666666666674,23.569999999999972,6
2006-07-05,2006,0.5168312,3.5233333333333343,70.35,7
2008-06-14,2008,0.51647645,3.731333333333332,65.19999999999999,6
2010-05-31,2010,0.5162937,3.252,4.089999999999993,5
2016-10-08,2016,0.5152824,3.274,10.22999999999998,10
2016-06-21,2016,0.5145801,2.0393333333333348,21.20999999999998,6
2012-06-22,2012,0.5145346,3.857999999999999,49.30999999999998,6
2012-05-03,2012,0.51439506,2.827333333333332,1.949999999999982,5
2009-06-26,2009,0.51323265,3.397333333333332,94.04999999999998,6
2009-07-28,2009,0.5122676,5.015999999999999,8.699999999999992,7
2016-07-30,2016,0.5119381,4.027333333333332,43.45999999999997,7
2006-08-07,2006,0.51138455,4.89,13.83,8
2024-06-26,2024,0.5112995,3.986666666666666,130.72999999999996,6
2018-07-10,2018,0.51126766,2.872666666666666,29.76999999999999,7
2023-09-08,2023,0.5107221,3.856,4.569999999999951,9
2021-06-15,2021,0.5104342,2.956666666666667,75.84999999999995,6
2019-09-20,2019,0.5103361,5.430666666666668,15.609999999999973,9
2008-08-15,2008,0.5093554,4.295333333333334,23.319999999999997,8
2018-06-11,2018,0.509166,3.718000000000001,69.55,6
2014-10-04,2014,0.50878453,4.001333333333333,16.869999999999976,10
2017-07-21,2017,0.50868815,3.5500000000000003,51.87999999999998,7
2011-10-30,2011,0.5085071,1.2040000000000002,25.009999999999984,10
2007-08-01,2007,0.5083715,4.637333333333333,49.47,8
2008-07-30,2008,0.5078948,3.5746666666666664,37.68999999999999,7
2024-06-11,2024,0.5073889,3.478666666666665,47.61999999999995,6
2018-07-26,2018,0.506565,4.1766666666666685,15.359999999999983,7
2009-09-07,2009,0.5062772,4.540666666666667,26.919999999999995,9
2014-08-07,2014,0.5060957,4.861999999999999,16.43999999999998,8
2006-08-09,2006,0.5057283,4.984,15.59,8
2017-08-20,2017,0.5054176,4.205333333333334,12.209999999999985,8
2018-09-29,2018,0.504316,1.6160000000000008,6.419999999999986,9
2011-12-02,2011,0.5034847,3.108666666666667,53.23999999999998,12
2008-08-17,2008,0.50283855,4.255333333333334,11.879999999999994,8
2017-09-08,2017,0.5025045,3.1086666666666662,9.479999999999984,9
2020-06-03,2020,0.50202364,2.9426666666666668,48.53999999999997,6
2009-10-02,2009,0.5012299,2.9733333333333327,19.639999999999997,10
2023-08-06,2023,0.5005329,4.236666666666667,2.2499999999999503,8
2016-09-15,2016,0.500046,3.164666666666668,11.11999999999998,9
2023-09-17,2023,0.49920875,3.2913333333333328,6.539999999999951,9
2023-09-13,2023,0.49920607,3.9413333333333336,6.26999999999995,9
2010-06-14,2010,0.4985066,3.559333333333334,151.51999999999998,6
2011-10-15,2011,0.49829093,2.184000000000001,23.349999999999984,10
2010-09-14,2010,0.4970696,3.9226666666666663,16.879999999999985,9
2024-08-24,2024,0.49282554,5.754666666666667,88.81999999999995,8
2007-06-18,2007,0.49265355,4.033999999999999,108.75,6
2009-06-08,2009,0.49122432,2.2626666666666675,21.41,6
2012-04-25,2012,0.4902508,2.626666666666668,2.739999999999982,4
2017-09-17,2017,0.48968136,4.851333333333334,48.009999999999984,9
2017-07-03,2017,0.48966283,3.7353333333333336,21.23999999999998,7
2006-08-11,2006,0.48863807,5.314,14.77,8
2023-09-11,2023,0.4883387,4.324666666666666,5.729999999999951,9
2016-07-28,2016,0.4882651,4.147999999999999,47.13999999999997,7
2010-09-09,2010,0.48820728,3.9,19.579999999999984,9
2012-07-28,2012,0.4872349,3.8006666666666655,11.159999999999982,7
2024-09-17,2024,0.4864783,3.9766666666666666,4.109999999999951,9
2015-07-29,2015,0.48520774,4.186666666666669,10.129999999999978,7
2023-08-09,2023,0.48423576,4.049333333333333,1.84999999999995,8
2014-08-22,2014,0.48384055,4.417999999999999,9.679999999999978,8
2017-08-07,2017,0.48374173,3.684666666666668,2.6199999999999823,8
2017-06-14,2017,0.48340622,3.817999999999998,104.01999999999998,6
2009-09-26,2009,0.483322,3.705333333333332,30.37,9
2015-08-17,2015,0.48330963,3.952000000000001,2.759999999999979,8
2010-10-21,2010,0.48329905,3.036000000000001,47.36999999999998,10
2017-07-24,2017,0.48275557,3.878666666666667,49.22999999999998,7
2007-09-08,2007,0.4825896,4.606,37.46999999999999,9
2010-07-26,2010,0.48164365,3.372,74.62999999999998,7
2009-09-08,2009,0.48119855,4.432666666666666,27.629999999999992,9
2010-09-25,2010,0.48109698,1.6200000000000003,14.699999999999983,9
2011-07-26,2011,0.48091644,5.289333333333333,21.139999999999983,7
2018-06-21,2018,0.48027867,3.153333333333334,47.53,6
2014-06-19,2014,0.4796558,4.579333333333334,18.609999999999975,6
2019-08-16,2019,0.47917438,5.037999999999999,9.579999999999972,8
2011-06-08,2011,0.479166,2.8280000000000003,157.86,6
2018-06-23,2018,0.47863454,3.1140000000000008,48.77999999999999,6
2017-08-31,2017,0.47607514,4.377999999999999,29.59999999999998,8
2020-06-06,2020,0.4756931,3.542,57.18999999999997,6
2017-10-02,2017,0.47413468,1.4606666666666674,18.74999999999998,10
2008-06-13,2008,0.47331995,3.605333333333333,85.76999999999998,6
2007-06-06,2007,0.4732527,3.059333333333334,61.64,6
2014-08-31,2014,0.47311178,5.156000000000001,76.16999999999997,8
2006-05-29,2006,0.47224176,3.498,70.23,5
2010-08-30,2010,0.47186753,4.201333333333333,47.26999999999999,8
2017-06-15,2017,0.47076857,3.910666666666665,105.94999999999996,6
2007-06-21,2007,0.47058243,4.6626666666666665,106.42,6
2018-10-09,2018,0.47009978,1.998,19.69999999999999,10
2016-09-24,2016,0.46960083,3.906666666666668,24.509999999999977,9
2024-09-29,2024,0.4682668,4.087999999999999,17.909999999999947,9
2017-09-16,2017,0.4673053,4.535333333333333,38.45999999999998,9
2019-07-19,2019,0.4665901,4.306000000000001,27.35999999999997,7
2014-08-28,2014,0.46650442,4.393333333333334,67.40999999999998,8
2012-06-20,2012,0.46596533,4.19,58.84999999999998,6
2010-10-20,2010,0.46555322,2.6220000000000008,32.329999999999984,10
2024-06-24,2024,0.46543315,2.9513333333333334,73.50999999999996,6
2008-06-12,2008,0.46404365,3.256666666666665,101.98,6
2022-06-23,2022,0.4638828,2.936,72.11999999999996,6
2016-08-18,2016,0.4627377,3.5726666666666667,2.0699999999999785,8
2017-08-22,2017,0.4619416,4.390000000000001,12.809999999999985,8
2012-09-07,2012,0.46190578,5.295333333333334,36.04999999999998,9
2018-06-15,2018,0.46186748,3.293999999999999,32.97999999999999,6
2017-08-28,2017,0.46060833,4.295333333333332,14.229999999999984,8
2009-09-28,2009,0.46044838,3.8859999999999983,29.759999999999994,9
2018-06-12,2018,0.4602796,3.607333333333333,63.61999999999999,6
2024-07-22,2024,0.45954,5.6786666666666665,67.91999999999994,7
2024-05-30,2024,0.45949084,3.6720000000000006,7.059999999999948,5
2011-09-14,2011,0.45943508,4.897999999999999,8.899999999999986,9
2019-09-07,2019,0.45933777,5.382,62.60999999999998,9
2021-07-11,2021,0.4576487,3.9246666666666647,71.99999999999996,7
2008-07-26,2008,0.45725748,3.6999999999999993,23.82999999999999,7
2010-09-10,2010,0.45693195,4.006666666666666,21.139999999999983,9
2024-09-16,2024,0.45676157,3.7680000000000007,5.549999999999951,9
2019-09-06,2019,0.45664206,5.232666666666665,58.38999999999997,9
2006-08-12,2006,0.45635292,5.6033333333333335,13.07,8
2017-08-26,2017,0.4559482,4.472,13.63999999999998,8
2024-10-01,2024,0.45483622,4.3886666666666665,18.659999999999947,10
2012-04-19,2012,0.4527517,2.4740000000000006,2.489999999999982,4
2007-09-04,2007,0.4519967,4.9206666666666665,58.18,9
2010-04-14,2010,0.4519736,2.115999999999999,11.559999999999992,4
2011-08-24,2011,0.44975004,5.073333333333332,19.40999999999999,8
2008-07-20,2008,0.44945663,3.769333333333333,9.849999999999993,7
2012-09-02,2012,0.4489143,5.014666666666668,56.649999999999984,9
2015-07-28,2015,0.44861206,4.166666666666669,10.37999999999998,7
2018-10-04,2018,0.4473004,2.476000000000001,10.799999999999986,10
2016-09-28,2016,0.44642976,3.675333333333334,15.24999999999998,9
2018-06-13,2018,0.4452881,3.561333333333333,55.56,6
2008-07-29,2008,0.44397774,3.474,36.1,7
2010-07-16,2010,0.44217095,2.964666666666666,44.90999999999998,7
2014-08-20,2014,0.44159392,4.479333333333333,2.819999999999979,8
2018-08-08,2018,0.4410532,4.056666666666667,2.1099999999999857,8
2016-08-20,2016,0.4397287,4.033333333333333,2.9299999999999784,8
2006-09-21,2006,0.43912488,5.300000000000001,34.76,9
2021-07-10,2021,0.438291,3.643333333333332,56.32999999999996,7
2023-09-19,2023,0.43803862,3.264,7.49999999999995,9
2019-07-24,2019,0.43735915,4.322,74.67999999999996,7
2017-07-18,2017,0.4368001,2.806666666666666,15.81999999999998,7
2016-08-17,2016,0.43661314,3.6306666666666674,2.119999999999979,8
2009-09-22,2009,0.43442312,1.877333333333332,8.609999999999992,9
2009-08-23,2009,0.43430105,4.898666666666666,47.09,8
2023-09-15,2023,0.4327788,3.4166666666666665,6.319999999999951,9
2006-06-03,2006,0.4326853,3.307333333333334,128.03,6
2019-07-25,2019,0.43242994,4.372,75.86999999999996,7
2007-06-05,2007,0.43240738,2.432000000000001,56.92,6
2008-08-16,2008,0.43176237,4.196666666666666,18.98999999999999,8
2008-07-21,2008,0.43164182,3.7466666666666666,10.989999999999991,7
2017-08-18,2017,0.43161756,3.6393333333333335,7.719999999999982,8
2010-07-08,2010,0.42820886,3.5926666666666653,44.03999999999999,7
2022-08-05,2022,0.42816365,3.652,34.36999999999996,8
2007-06-08,2007,0.42572802,3.3553333333333333,57.83,6
2012-09-09,2012,0.4252588,5.287333333333334,17.389999999999983,9
2017-10-14,2017,0.4219941,4.167333333333335,21.539999999999974,10
2015-07-30,2015,0.42164963,4.266666666666669,9.77999999999998,7
2019-08-19,2019,0.42118937,4.921333333333333,6.069999999999971,8
2023-09-20,2023,0.4211511,3.4859999999999998,6.95999999999995,9
2012-06-28,2012,0.42022967,3.1093333333333324,22.249999999999982,6
2022-06-13,2022,0.4195203,3.0580000000000003,105.27999999999996,6
2024-07-19,2024,0.4193478,5.198666666666666,58.36999999999995,7
2023-07-09,2023,0.41807747,5.298000000000001,67.97999999999995,7
2023-07-04,2023,0.41782254,5.560666666666667,94.93999999999996,7
2012-06-04,2012,0.41773224,2.434,12.63999999999998,6
2006-08-10,2006,0.41714394,5.04,15.24,8
2019-10-11,2019,0.4165699,2.5173333333333336,11.069999999999972,10
2017-07-23,2017,0.41646293,3.782000000000001,51.16999999999998,7
2014-08-19,2014,0.415927,4.302,3.0999999999999788,8
2012-08-22,2012,0.41564947,4.163999999999999,8.969999999999981,8
2010-09-16,2010,0.4152484,4.067333333333333,9.509999999999986,9
2014-08-27,2014,0.41524827,4.259333333333334,59.69999999999997,8
2017-08-06,2017,0.41435766,3.588666666666668,2.3099999999999823,8
2015-10-15,2015,0.41415948,4.074000000000002,50.38999999999997,10
2018-09-25,2018,0.41412055,1.8753333333333324,7.069999999999986,9
2008-07-18,2008,0.41339904,4.314,8.819999999999993,7
2012-08-23,2012,0.41311,4.214666666666665,9.07999999999998,8
2015-08-16,2015,0.4122902,4.156666666666668,2.9199999999999786,8
2007-06-07,2007,0.41090024,3.5540000000000003,60.49,6
2010-09-29,2010,0.40985432,3.6066666666666674,39.87999999999999,9
2012-08-29,2012,0.40973297,4.340666666666667,21.019999999999985,8
2007-07-31,2007,0.40928906,4.749333333333333,50.0,7
2023-09-21,2023,0.40904456,3.705999999999999,6.50999999999995,9
2014-06-29,2014,0.40900642,2.019333333333333,0.779999999999977,6
2006-07-26,2006,0.4083049,4.118666666666667,17.02,7
2010-09-05,2010,0.4082713,3.404666666666667,24.769999999999985,9
2006-05-27,2006,0.40811598,2.9153333333333324,12.760000000000002,5
2014-06-20,2014,0.40753573,4.597333333333334,17.679999999999975,6
2023-09-26,2023,0.40660524,4.935333333333334,23.059999999999956,9
2017-09-07,2017,0.40647265,3.0973333333333333,8.319999999999983,9
2017-09-01,2017,0.40619975,4.334,29.94999999999998,9
2017-08-27,2017,0.4058902,4.313999999999998,11.939999999999982,8
2008-08-05,2008,0.4053896,4.054666666666666,8.399999999999993,8
2010-09-26,2010,0.4053811,1.8666666666666676,14.459999999999988,9
2009-08-25,2009,0.40492594,4.931333333333332,43.77,8
2016-08-21,2016,0.40141612,4.343333333333333,3.729999999999978,8
2008-07-28,2008,0.40139607,3.583333333333333,26.539999999999992,7
2012-07-02,2012,0.40022698,3.657333333333333,91.25999999999998,7
2008-07-19,2008,0.40020758,4.047333333333333,9.579999999999991,7
2019-09-21,2019,0.40003628,5.485333333333334,15.639999999999972,9
2012-06-23,2012,0.3987877,3.629333333333333,41.37999999999998,6
2024-08-10,2024,0.39853483,4.446,3.5599999999999468,8
2016-06-13,2016,0.39818847,3.198666666666667,49.089999999999975,6
2024-06-17,2024,0.39574996,2.3719999999999994,30.57999999999995,6
2023-09-22,2023,0.39449298,3.882666666666666,7.58999999999995,9
2017-10-17,2017,0.39446363,3.7320000000000007,26.47999999999998,10
2023-08-25,2023,0.39396793,3.880666666666666,2.7999999999999505,8
2006-05-30,2006,0.39355856,3.0286666666666657,85.38,5
2009-09-30,2009,0.39348575,3.553333333333333,18.209999999999997,9
2019-10-09,2019,0.39300433,2.0900000000000007,7.139999999999971,10
2009-08-24,2009,0.39293724,5.0826666666666656,46.92,8
2023-07-03,2023,0.39275396,5.5953333333333335,91.87999999999997,7
2016-07-29,2016,0.39244995,4.110666666666666,47.339999999999975,7
2012-08-11,2012,0.39161238,4.756666666666665,9.389999999999985,8
2019-09-10,2019,0.39143836,5.647333333333333,48.24999999999997,9
2009-07-30,2009,0.39133906,5.498666666666667,2.349999999999993,7
2007-09-05,2007,0.39053497,4.593333333333334,49.82,9
2019-09-09,2019,0.38957876,5.517333333333333,62.119999999999976,9
2017-08-03,2017,0.38847384,3.808666666666668,2.759999999999982,8
2009-09-01,2009,0.38546938,3.9653333333333327,8.139999999999993,9
2018-10-06,2018,0.38490045,2.2093333333333334,17.879999999999985,10
2009-06-18,2009,0.38397986,0.5219999999999997,15.359999999999992,6
2011-08-29,2011,0.3834696,3.95,26.80999999999998,8
2012-08-30,2012,0.38302228,4.424666666666668,23.229999999999983,8
2009-05-24,2009,0.3825329,4.136666666666667,7.449999999999994,5
2016-09-26,2016,0.38243207,3.774666666666669,18.719999999999978,9
2023-09-27,2023,0.38095102,5.165333333333335,31.25999999999995,9
2012-08-28,2012,0.3791876,4.390000000000001,19.119999999999983,8
2017-08-23,2017,0.37912312,4.307333333333334,12.859999999999982,8
2012-08-06,2012,0.37862137,4.44,9.499999999999982,8
2017-09-02,2017,0.37789458,4.192,29.99999999999998,9
2018-06-22,2018,0.37777722,3.1013333333333346,48.03999999999999,6
2012-04-29,2012,0.37716934,3.71,2.639999999999982,4
2012-08-09,2012,0.37663418,4.791999999999998,9.739999999999982,8
2017-07-22,2017,0.37609503,3.620000000000001,51.52999999999998,7
2006-08-06,2006,0.37590972,4.721333333333333,10.86,8
2021-05-17,2021,0.3743468,2.202000000000001,114.86999999999996,5
2012-09-03,2012,0.373941,5.286666666666667,57.03999999999999,9
2010-10-19,2010,0.3731519,2.103333333333334,23.239999999999984,10
2011-09-16,2011,0.37311688,4.593999999999999,8.769999999999985,9
2006-08-13,2006,0.3727002,5.742666666666667,10.28,8
2011-09-19,2011,0.37200066,4.392666666666667,9.279999999999983,9
2008-08-04,2008,0.3719928,3.939999999999999,18.349999999999994,8
2018-08-28,2018,0.37128162,5.323333333333333,11.259999999999986,8
2014-10-05,2014,0.37088734,3.7873333333333328,13.009999999999978,10
2022-08-06,2022,0.37068352,3.882,38.91999999999996,8
2016-08-22,2016,0.37059975,4.587333333333333,4.959999999999979,8
2022-09-11,2022,0.3686519,5.962666666666667,116.98999999999997,9
2019-07-18,2019,0.36773032,4.498666666666668,23.05999999999997,7
2012-09-06,2012,0.367464,5.320666666666667,49.43999999999998,9
2024-05-29,2024,0.36582938,4.006666666666668,6.479999999999947,5
2016-06-26,2016,0.36518005,3.0986666666666665,117.90999999999998,6
2014-06-18,2014,0.36476025,4.118000000000001,19.469999999999978,6
2017-09-11,2017,0.36386618,2.796666666666667,9.639999999999985,9
2015-06-19,2015,0.36353865,4.586,143.7,6
2014-10-12,2014,0.36299688,2.9613333333333327,3.659999999999979,10
2021-07-12,2021,0.35970274,3.977333333333332,80.42999999999995,7
2008-07-01,2008,0.3596001,3.71,10.329999999999991,7
2023-09-25,2023,0.35745037,4.740666666666668,19.23999999999995,9
2010-08-25,2010,0.35657597,4.080666666666667,29.589999999999986,8
2016-07-18,2016,0.35642496,3.918666666666667,22.439999999999976,7
2014-07-15,2014,0.35583812,3.734666666666668,75.33999999999999,7
2015-10-08,2015,0.3556629,3.493333333333333,23.979999999999983,10
2015-07-31,2015,0.3541399,4.3786666666666685,8.039999999999978,7
2012-08-25,2012,0.35316238,4.607333333333332,7.959999999999982,8
2016-10-07,2016,0.35236782,2.898,6.669999999999979,10
2011-12-03,2011,0.35200566,3.160000000000001,52.90999999999998,12
2012-08-20,2012,0.3516623,4.023999999999999,9.309999999999985,8
2008-06-30,2008,0.35143712,3.650666666666667,8.449999999999992,6
2024-06-13,2024,0.35142723,3.573333333333332,39.199999999999946,6
2018-07-04,2018,0.35133734,3.5133333333333328,31.90999999999999,7
2016-09-22,2016,0.35129762,4.004666666666667,24.059999999999977,9
2017-08-05,2017,0.34784567,3.609333333333335,2.3499999999999823,8
2022-07-18,2022,0.34740612,4.232,24.229999999999965,7
2023-09-24,2023,0.34663203,4.411333333333333,16.76999999999995,9
2019-09-08,2019,0.34589374,5.423333333333333,63.339999999999975,9
2017-07-25,2017,0.34565914,3.706000000000001,42.16999999999998,7
2015-08-05,2015,0.3454795,4.174,3.7699999999999783,8
2010-09-27,2010,0.3439166,2.358000000000001,19.819999999999983,9
2014-07-17,2014,0.34375098,3.5453333333333346,51.75999999999998,7
2019-08-09,2019,0.34332535,5.925333333333335,34.599999999999966,8
2006-09-24,2006,0.34257045,4.593333333333334,18.9,9
2010-09-30,2010,0.3422848,3.968666666666668,43.09999999999999,9
2018-10-08,2018,0.3412011,1.7560000000000002,18.359999999999985,10
2011-10-31,2011,0.34115225,1.422666666666667,27.419999999999984,10
2021-05-15,2021,0.3411166,1.3033333333333337,70.07999999999997,5
2012-08-26,2012,0.34060934,4.656666666666666,10.279999999999982,8
2012-08-21,2012,0.33995995,3.997999999999999,8.219999999999981,8
2011-08-02,2011,0.33905596,5.510000000000001,59.67999999999999,8
2006-09-18,2006,0.3389668,5.304,54.35,9
2024-08-08,2024,0.33704826,4.385999999999999,4.5499999999999465,8
2022-06-12,2022,0.33622625,2.9080000000000004,105.22999999999996,6
2016-09-16,2016,0.33611092,3.416000000000001,12.939999999999978,9
2016-08-11,2016,0.3360051,3.994666666666666,7.719999999999978,8
2023-07-01,2023,0.3349381,5.448666666666666,86.48999999999995,7
2006-10-08,2006,0.33482918,3.23,8.250000000000002,10
2012-09-05,2012,0.33481014,5.268000000000001,51.98999999999998,9
2019-08-20,2019,0.33407518,5.0280000000000005,4.939999999999972,8
2024-06-14,2024,0.3335347,3.2739999999999987,39.82999999999995,6
2023-09-23,2023,0.3324224,4.1386666666666665,12.19999999999995,9
2010-08-31,2010,0.33084676,4.102000000000001,50.93999999999998,8
2012-08-24,2012,0.33068565,4.3166666666666655,8.209999999999981,8
2023-07-02,2023,0.33051893,5.5200000000000005,88.17999999999996,7
2023-09-30,2023,0.32910207,4.546000000000002,55.93999999999995,9
2021-07-09,2021,0.32635027,3.391333333333331,34.92999999999996,7
2012-09-13,2012,0.32558313,5.347333333333333,12.589999999999982,9
2021-05-19,2021,0.32547972,2.723333333333335,124.86999999999996,5
2010-09-01,2010,0.32544604,3.979333333333334,45.95999999999999,9
2012-08-10,2012,0.32480818,4.809999999999999,9.809999999999985,8
2021-06-16,2021,0.32206765,3.1900000000000004,77.10999999999996,6
2015-10-16,2015,0.321186,3.792000000000001,49.42999999999998,10
2011-08-25,2011,0.32008418,4.863999999999999,19.449999999999985,8
2021-05-16,2021,0.31885386,1.535333333333334,104.72999999999996,5
2011-09-13,2011,0.31756717,5.069999999999999,8.509999999999986,9
2015-08-12,2015,0.31619686,4.800666666666666,4.5499999999999785,8
2009-10-01,2009,0.31603196,3.160666666666666,16.32999999999999,10
2012-06-03,2012,0.31587324,2.222666666666667,9.589999999999982,6
2017-08-25,2017,0.31557462,4.3806666666666665,13.64999999999998,8
2019-08-25,2019,0.3153419,5.668,4.569999999999972,8
2010-10-01,2010,0.3143925,4.180666666666667,44.76999999999999,10
2017-06-16,2017,0.31426764,3.774666666666665,104.44999999999996,6
2023-08-08,2023,0.31405824,4.079333333333333,1.6399999999999502,8
2023-09-16,2023,0.31345078,3.4366666666666665,6.549999999999951,9
2019-08-08,2019,0.31342554,5.490666666666668,35.91999999999997,8
2016-10-03,2016,0.31241298,2.785333333333333,2.7899999999999787,10
2024-05-31,2024,0.31049073,3.371333333333334,6.289999999999948,5
2017-07-05,2017,0.31036633,3.464,12.39999999999998,7
2014-10-11,2014,0.30976936,2.88,3.739999999999979,10
2018-10-11,2018,0.30886897,1.9879999999999995,16.309999999999985,10
2015-10-09,2015,0.30884776,3.369333333333333,17.65999999999998,10
2015-09-16,2015,0.30884638,3.8093333333333343,44.13999999999998,9
2012-08-16,2012,0.3087652,4.476,7.659999999999982,8
2020-06-07,2020,0.30822542,3.3913333333333338,51.55999999999997,6
2018-07-09,2018,0.30759087,2.813333333333333,24.68999999999999,7
2018-08-31,2018,0.3062195,5.171333333333334,10.789999999999988,8
2023-09-14,2023,0.30602598,3.6486666666666663,6.69999999999995,9
2016-08-09,2016,0.30588177,4.369999999999999,17.90999999999998,8
2015-08-10,2015,0.30524555,4.715999999999999,4.389999999999978,8
2018-06-20,2018,0.30441964,3.2573333333333343,43.92999999999999,6
2009-07-07,2009,0.303815,4.351333333333333,117.64,7
2018-10-10,2018,0.30288184,1.9146666666666667,18.679999999999986,10
2015-08-11,2015,0.3026051,4.895333333333333,4.659999999999979,8
2014-09-05,2014,0.30162156,5.906666666666667,36.46999999999998,9
2012-08-27,2012,0.30085334,4.435333333333333,14.119999999999983,8
2011-11-02,2011,0.2994912,1.646,29.779999999999987,11
2010-07-25,2010,0.29894242,3.355999999999999,72.30999999999997,7
2012-08-15,2012,0.2984564,4.609999999999999,8.159999999999982,8
2014-08-18,2014,0.29815835,4.068,3.179999999999979,8
2007-09-25,2007,0.29810014,4.049333333333333,30.79,9
2023-09-09,2023,0.29735264,4.006666666666667,4.76999999999995,9
2017-08-24,2017,0.2949365,4.308000000000001,12.939999999999982,8
2022-08-17,2022,0.29417545,5.496666666666665,9.05999999999996,8
2006-06-02,2006,0.2937479,3.1753333333333336,117.2,6
2010-09-17,2010,0.29369387,4.169333333333333,7.659999999999986,9
2022-06-08,2022,0.2935589,3.0053333333333327,45.36999999999996,6
2017-09-03,2017,0.29345915,3.9966666666666657,29.64999999999998,9
2015-06-22,2015,0.29257408,4.160666666666667,113.23999999999998,6
2023-08-05,2023,0.2924932,4.310666666666667,2.4599999999999502,8
2009-09-09,2009,0.29184386,4.176,27.379999999999995,9
2017-08-19,2017,0.29150802,3.778000000000001,8.939999999999984,8
2023-07-21,2023,0.2904553,4.629333333333333,21.429999999999943,7
2015-08-06,2015,0.28909227,4.084,3.2899999999999787,8
2006-08-18,2006,0.28895813,6.173333333333334,6.0200000000000005,8
2015-10-14,2015,0.2888239,4.099333333333334,50.98999999999997,10
2023-09-18,2023,0.28634396,3.2133333333333325,6.739999999999951,9
2022-07-17,2022,0.28597197,3.9926666666666666,27.679999999999964,7
2008-08-18,2008,0.28449148,4.067333333333333,8.329999999999993,8
2018-07-05,2018,0.28443372,3.364666666666666,31.14999999999999,7
2009-08-11,2009,0.2842286,4.129999999999999,0.5299999999999929,8
2011-08-03,2011,0.28381437,5.376666666666667,51.54999999999998,8
2012-09-04,2012,0.28361866,5.269333333333334,53.78999999999999,9
2019-09-12,2019,0.28356296,5.651999999999999,20.779999999999973,9
2018-10-14,2018,0.2832919,2.412666666666667,8.849999999999985,10
2010-06-15,2010,0.28326353,3.814666666666667,179.33999999999995,6
2018-07-06,2018,0.28298575,3.167333333333333,32.04999999999999,7
2010-09-13,2010,0.28248882,3.8246666666666655,16.789999999999985,9
2023-07-05,2023,0.28227353,5.508666666666667,61.54999999999995,7
2016-06-18,2016,0.28137067,2.218666666666668,17.909999999999975,6
2012-08-08,2012,0.28087404,4.595333333333333,8.849999999999982,8
2019-07-26,2019,0.28082764,4.295999999999999,73.83999999999996,7
2008-09-13,2008,0.28073344,4.6,52.16999999999999,9
2006-09-03,2006,0.2806957,3.717333333333333,3.47,9
2018-08-09,2018,0.28022212,3.991333333333334,2.1899999999999857,8
2024-10-13,2024,0.27960038,4.447333333333333,124.95999999999997,10
2014-08-21,2014,0.27804366,4.433333333333334,3.359999999999979,8
2018-08-10,2018,0.2770828,4.136,2.579999999999986,8
2014-06-21,2014,0.27675256,4.510000000000001,12.079999999999975,6
2010-08-24,2010,0.2766114,4.002,32.91999999999998,8
2006-09-22,2006,0.27640337,4.935333333333334,26.000000000000004,9
2012-08-12,2012,0.2760705,4.543333333333333,8.039999999999983,8
2012-10-04,2012,0.2759357,3.855333333333333,50.23999999999998,10
2007-06-04,2007,0.2758133,2.0626666666666678,50.41,6
2022-06-24,2022,0.27523357,3.1373333333333333,76.50999999999996,6
2006-07-19,2006,0.27365184,3.733999999999998,2.21,7
2023-08-24,2023,0.27250597,3.608666666666666,2.43999999999995,8
2019-08-06,2019,0.2721941,4.522666666666667,35.559999999999974,8
2021-07-13,2021,0.2720581,3.889999999999999,83.21999999999996,7
2018-07-30,2018,0.27143887,4.105333333333333,3.6899999999999857,7
2023-09-29,2023,0.27134293,4.692666666666669,44.40999999999995,9
2022-08-08,2022,0.2692777,4.412666666666667,50.02999999999996,8
2007-06-24,2007,0.2690223,4.760000000000001,116.01999999999998,6
2021-07-14,2021,0.26874962,3.921333333333332,111.76999999999995,7
2018-06-29,2018,0.26870087,3.5293333333333337,28.30999999999999,6
2009-11-15,2009,0.26799226,1.7733333333333337,67.21999999999998,11
2024-06-15,2024,0.2679363,2.857333333333332,36.11999999999995,6
2008-09-14,2008,0.2671961,4.148666666666667,53.09,9
2021-06-17,2021,0.26657733,3.4640000000000004,78.13999999999996,6
2011-06-09,2011,0.26626801,2.8366666666666664,184.25,6
2012-08-17,2012,0.26426506,4.463333333333334,8.459999999999981,8
2022-08-07,2022,0.2640464,4.179333333333334,42.279999999999966,8
2015-06-21,2015,0.2638875,4.419333333333334,112.54999999999995,6
2012-10-05,2012,0.2632758,4.033333333333333,51.69999999999999,10
2011-08-04,2011,0.26325902,5.279333333333333,47.45999999999999,8
2021-05-18,2021,0.2630366,2.599333333333335,121.20999999999997,5
2010-09-02,2010,0.26247686,3.866000000000001,38.13999999999999,9
2024-07-18,2024,0.26233175,5.135333333333333,60.769999999999946,7
2017-08-04,2017,0.2615726,3.686000000000001,2.4899999999999824,8
2024-06-18,2024,0.26150742,2.3433333333333333,27.139999999999947,6
2019-08-21,2019,0.2610951,5.169333333333333,3.979999999999971,8
2009-08-26,2009,0.2602627,4.619999999999999,37.69999999999999,8
2012-08-14,2012,0.2601179,4.522666666666667,8.899999999999983,8
2019-07-17,2019,0.2597136,4.738000000000001,26.869999999999973,7
2012-08-07,2012,0.25953358,4.597999999999999,8.669999999999982,8
2021-06-11,2021,0.25926575,1.2986666666666666,22.74999999999996,6
2015-08-14,2015,0.25901973,4.612666666666667,3.909999999999979,8
2019-09-30,2019,0.25535515,2.4859999999999984,9.869999999999973,9
2009-05-25,2009,0.25426686,3.653333333333334,7.539999999999994,5
2023-10-01,2023,0.25346243,4.423333333333335,53.04999999999994,10
2008-08-19,2008,0.25267908,3.944666666666667,5.609999999999992,8
2010-10-22,2010,0.25181022,3.172666666666667,51.45999999999998,10
2010-08-23,2010,0.2518068,4.054666666666666,36.71999999999999,8
2014-10-06,2014,0.25171584,3.666,8.29999999999998,10
2010-07-24,2010,0.2512396,3.447999999999999,78.80999999999999,7
2021-07-07,2021,0.24995191,2.908666666666665,20.70999999999996,7
2024-08-11,2024,0.24992499,4.278666666666666,2.9999999999999467,8
2021-07-08,2021,0.24979322,3.2159999999999984,24.36999999999996,7
2023-09-28,2023,0.24925207,4.883333333333336,38.66999999999995,9
2023-07-30,2023,0.24896932,4.850666666666667,16.49999999999995,7
2024-10-17,2024,0.24700916,5.191999999999999,169.76999999999995,10
2011-11-03,2011,0.24689974,1.878,23.389999999999983,11
2016-06-25,2016,0.24653095,3.014666666666667,97.29999999999995,6
2019-10-08,2019,0.24608536,2.035333333333333,4.619999999999971,10
2006-08-19,2006,0.2454511,6.137333333333333,6.07,8
2010-09-08,2010,0.24527276,3.777333333333333,15.729999999999986,9
2007-08-09,2007,0.24511896,4.556,29.7,8
2015-09-13,2015,0.24307844,2.851333333333334,35.74999999999998,9
2021-07-06,2021,0.24289185,2.6359999999999983,15.259999999999955,7
2014-07-16,2014,0.24224906,3.495333333333334,76.03999999999998,7
2008-08-07,2008,0.24174686,3.8413333333333335,6.739999999999992,8
2009-09-29,2009,0.24159794,3.781999999999999,25.849999999999994,9
2018-08-19,2018,0.24068274,5.084666666666667,13.949999999999989,8
2011-09-20,2011,0.24051026,4.421333333333333,7.899999999999986,9
2008-09-12,2008,0.24007864,5.016666666666667,44.91999999999999,9
2016-09-25,2016,0.23962021,3.798000000000002,19.379999999999978,9
2008-08-06,2008,0.23960124,4.012,5.589999999999993,8
2022-06-14,2022,0.23941348,2.7880000000000003,97.73999999999997,6
2010-04-18,2010,0.23852713,3.584000000000001,0.7199999999999929,4
2019-09-18,2019,0.23829296,5.341333333333335,8.069999999999972,9
2024-06-01,2024,0.23807308,3.141333333333334,5.299999999999948,6
2018-08-30,2018,0.23801078,5.156000000000001,10.359999999999983,8
2011-06-30,2011,0.23793235,3.794666666666666,9.609999999999989,6
2021-07-15,2021,0.23745261,4.135999999999998,133.41999999999996,7
2023-09-10,2023,0.23645617,4.383333333333335,5.41999999999995,9
2012-08-05,2012,0.23638149,3.977333333333333,9.05999999999998,8
2006-08-17,2006,0.23562266,6.154666666666667,5.960000000000001,8
2006-08-14,2006,0.23512317,5.803999999999999,7.24,8
2016-06-28,2016,0.23493116,4.064,138.91999999999996,6
2015-08-23,2015,0.23328564,3.5046666666666675,2.839999999999979,8
2006-05-31,2006,0.23320287,2.967999999999999,102.26,5
2016-08-23,2016,0.23271604,4.877333333333333,6.439999999999978,8
2011-09-18,2011,0.23203188,4.4046666666666665,9.999999999999986,9
2018-08-24,2018,0.2317062,5.3806666666666665,11.509999999999987,8
2023-09-12,2023,0.23106995,4.227333333333333,5.63999999999995,9
2018-08-29,2018,0.23076496,5.160666666666667,11.049999999999985,8
2006-07-06,2006,0.23031127,3.5326666666666684,68.63000000000001,7
2018-08-20,2018,0.22934209,4.973999999999999,13.769999999999984,8
2016-06-27,2016,0.22889602,3.7306666666666666,121.93999999999996,6
2021-06-18,2021,0.22880192,3.4699999999999998,70.07999999999996,6
2016-06-15,2016,0.22820486,2.8466666666666667,32.87999999999998,6
2018-06-18,2018,0.22813281,3.3473333333333333,30.73999999999999,6
2020-08-07,2020,0.22812286,5.418666666666668,65.97999999999996,8
2018-08-18,2018,0.2280117,4.966666666666667,12.649999999999986,8
2008-07-17,2008,0.22736362,4.3646666666666665,7.859999999999993,7
2012-09-10,2012,0.22695848,5.251333333333333,14.269999999999982,9
2018-08-23,2018,0.22646011,5.361333333333333,12.299999999999986,8
2014-08-08,2014,0.2251837,4.85,12.21999999999998,8
2015-08-08,2015,0.22455898,4.202666666666666,3.8399999999999785,8
2014-08-09,2014,0.22165553,4.915333333333333,10.21999999999998,8
2019-09-17,2019,0.22089754,5.353333333333334,6.289999999999972,9
2019-08-26,2019,0.22076213,5.52,4.869999999999972,8
2023-06-21,2023,0.22010587,5.433333333333335,5.139999999999958,6
2014-07-31,2014,0.21976179,4.168666666666668,12.929999999999978,7
2019-10-10,2019,0.21960495,2.231333333333334,9.70999999999997,10
2022-08-18,2022,0.21959421,5.949999999999998,7.199999999999961,8
2014-07-19,2014,0.21955481,3.474,28.28999999999998,7
2019-09-22,2019,0.21916223,5.206,16.40999999999997,9
2006-08-05,2006,0.21899848,4.547999999999998,8.79,8
2016-06-02,2016,0.21846426,2.352000000000001,10.54999999999998,6
2019-08-24,2019,0.2181285,5.554,4.039999999999972,8
2016-09-14,2016,0.21755613,2.795333333333335,7.979999999999979,9
2012-08-19,2012,0.2175024,3.994666666666666,9.24999999999998,8
2007-07-26,2007,0.21720144,4.709333333333333,32.230000000000004,7
2018-08-01,2018,0.21458527,3.968666666666667,2.749999999999986,8
2018-08-25,2018,0.21453817,5.485333333333333,9.819999999999986,8
2015-08-01,2015,0.21445559,4.326666666666668,6.939999999999979,8
2014-08-17,2014,0.21431023,3.938,3.6699999999999786,8
2010-10-02,2010,0.21403557,4.042666666666667,39.70999999999999,10
2022-08-04,2022,0.21393485,3.1493333333333338,16.999999999999964,8
2022-08-09,2022,0.21280828,4.557333333333334,52.90999999999996,8
2016-09-02,2016,0.21260273,4.381333333333333,12.40999999999998,9
2010-09-18,2010,0.21169454,4.304666666666667,7.849999999999985,9
2020-08-06,2020,0.21158788,5.147333333333334,65.39999999999995,8
2015-08-15,2015,0.21131103,4.351333333333335,3.299999999999979,8
2022-09-10,2022,0.21085297,5.590666666666667,40.79999999999996,9
2012-07-03,2012,0.2106785,3.832,105.68999999999998,7
2022-08-15,2022,0.21038848,4.649333333333333,12.26999999999996,8
2024-08-28,2024,0.21013577,4.928666666666667,42.96999999999996,8
2024-06-20,2024,0.20962112,1.9960000000000004,15.209999999999948,6
2011-11-01,2011,0.2093022,1.4280000000000002,30.569999999999983,11
2021-07-05,2021,0.20915821,2.4699999999999984,10.469999999999958,7
2006-08-20,2006,0.20798956,6.106666666666667,5.84,8
2021-06-19,2021,0.20647101,3.398666666666666,59.39999999999996,6
2018-08-17,2018,0.20421275,4.924,10.919999999999986,8
2017-09-04,2017,0.20345235,3.576,24.39999999999998,9
2010-09-11,2010,0.20300505,3.995333333333333,20.129999999999985,9
2006-06-04,2006,0.20266978,3.2406666666666677,119.33,6
2020-07-08,2020,0.20262687,3.9086666666666665,67.29999999999995,7
2016-09-03,2016,0.20185128,4.191999999999999,9.65999999999998,9
2018-08-07,2018,0.20125979,3.996666666666666,2.219999999999986,8
2018-08-21,2018,0.20125341,4.934666666666666,14.959999999999985,8
2016-06-14,2016,0.20120928,2.946666666666667,39.35999999999998,6
2011-08-16,2011,0.2008137,3.795333333333333,4.9299999999999855,8
2015-09-14,2015,0.20012772,3.4606666666666674,40.23999999999998,9
